<?xml version="1.0" encoding="UTF-8"?><rss version="2.0"
	xmlns:content="http://purl.org/rss/1.0/modules/content/"
	xmlns:dc="http://purl.org/dc/elements/1.1/"
	xmlns:atom="http://www.w3.org/2005/Atom"
	xmlns:sy="http://purl.org/rss/1.0/modules/syndication/"
	
	>
<channel>
	<title>Commentaires sur : Tutoriel &#8211; Installer WordPress MultiSite et cloner son instance de site maître</title>
	<atom:link href="/multisite-wordpress-facile/feed/" rel="self" type="application/rss+xml" />
	<link>/multisite-wordpress-facile/</link>
	<description>Développement web, marketing digital, et référencement</description>
	<lastBuildDate>Thu, 13 Apr 2017 19:39:14 +0000</lastBuildDate>
	<sy:updatePeriod>hourly</sy:updatePeriod>
	<sy:updateFrequency>1</sy:updateFrequency>
	<generator>https://wordpress.org/?v=4.9.4</generator>
	<item>
		<title>Par : Sébastien DROUIN</title>
		<link>/multisite-wordpress-facile/#comment-2957</link>
		<dc:creator><![CDATA[Sébastien DROUIN]]></dc:creator>
		<pubDate>Thu, 13 Apr 2017 19:39:14 +0000</pubDate>
		<guid isPermaLink="false">/?p=351#comment-2957</guid>
		<description><![CDATA[Pile poil ce que je cherchais afin de répondre à la demande d&#039;un client. Merci !]]></description>
		<content:encoded><![CDATA[<p>Pile poil ce que je cherchais afin de répondre à la demande d&rsquo;un client. Merci !</p>
]]></content:encoded>
	</item>
</channel>
</rss>
