<?xml version="1.0" encoding="UTF-8"?><rss version="2.0"
	xmlns:content="http://purl.org/rss/1.0/modules/content/"
	xmlns:dc="http://purl.org/dc/elements/1.1/"
	xmlns:atom="http://www.w3.org/2005/Atom"
	xmlns:sy="http://purl.org/rss/1.0/modules/syndication/"
	
	>
<channel>
	<title>Commentaires sur : Astuce &#8211; Appliquer des permissions à un ensemble de fichiers et dossiers de manière récursive dans WordPress</title>
	<atom:link href="/wordpress-appliquer-permissions-fichiers-dossiers-maniere-recursive/feed/" rel="self" type="application/rss+xml" />
	<link>/wordpress-appliquer-permissions-fichiers-dossiers-maniere-recursive/</link>
	<description>Développement web, marketing digital, et référencement</description>
	<lastBuildDate>Thu, 13 Apr 2017 19:39:14 +0000</lastBuildDate>
	<sy:updatePeriod>hourly</sy:updatePeriod>
	<sy:updateFrequency>1</sy:updateFrequency>
	<generator>https://wordpress.org/?v=4.9.4</generator>
</channel>
</rss>
