<?xml version="1.0" encoding="UTF-8"?><rss version="2.0"
	xmlns:content="http://purl.org/rss/1.0/modules/content/"
	xmlns:wfw="http://wellformedweb.org/CommentAPI/"
	xmlns:dc="http://purl.org/dc/elements/1.1/"
	xmlns:atom="http://www.w3.org/2005/Atom"
	xmlns:sy="http://purl.org/rss/1.0/modules/syndication/"
	xmlns:slash="http://purl.org/rss/1.0/modules/slash/"
	>

<channel>
	<title>Détente &#8211; DesireLabs</title>
	<atom:link href="/category/detente/feed/" rel="self" type="application/rss+xml" />
	<link>/</link>
	<description>Développement web, marketing digital, et référencement</description>
	<lastBuildDate>Tue, 06 Jun 2017 17:34:36 +0000</lastBuildDate>
	<language>fr-FR</language>
	<sy:updatePeriod>hourly</sy:updatePeriod>
	<sy:updateFrequency>1</sy:updateFrequency>
	<generator>https://wordpress.org/?v=4.9.4</generator>
<site xmlns="com-wordpress:feed-additions:1">67143140</site>	<item>
		<title>Combien de café pourriez vous assimiler avant d&#8217;en mourir ?</title>
		<link>/combien-de-cafe-pourriez-vous-assimiler-avant-den-mourir/</link>
		<comments>/combien-de-cafe-pourriez-vous-assimiler-avant-den-mourir/#respond</comments>
		<pubDate>Sat, 22 Aug 2015 12:51:38 +0000</pubDate>
		<dc:creator><![CDATA[Franck]]></dc:creator>
				<category><![CDATA[Détente]]></category>

		<guid isPermaLink="false">/?p=334</guid>
		<description><![CDATA[<p>Saviez vous qu&#8217;on pouvait calculer la dose létale de café en fonction du poids du buveur et du type de café ?Un article qui n&#8217;est pas vraiment en lien avec ce dont je traite d&#8217;habitude, mais qui s&#8217;y apparente étant donné que je suis tombé dessus en faisant des recherches sur les tableaux responsives (cherchez &#8230; <a href="/combien-de-cafe-pourriez-vous-assimiler-avant-den-mourir/" class="more-link">Continuer la lecture de <span class="screen-reader-text">Combien de café pourriez vous assimiler avant d&#8217;en mourir ?</span></a></p>
<p>L’article <a rel="nofollow" href="/combien-de-cafe-pourriez-vous-assimiler-avant-den-mourir/">Combien de café pourriez vous assimiler avant d&rsquo;en mourir ?</a> est apparu en premier sur <a rel="nofollow" href="/">DesireLabs</a>.</p>
]]></description>
				<content:encoded><![CDATA[<p>Saviez vous qu&rsquo;on pouvait calculer la dose létale de café en fonction du poids du buveur et du type de café ?<span id="more-334"></span>Un article qui n&rsquo;est pas vraiment en lien avec ce dont je traite d&rsquo;habitude, mais qui s&rsquo;y apparente étant donné que je suis tombé dessus en faisant des recherches sur les tableaux responsives (cherchez l&rsquo;erreur), et puis aussi parce que dans le métier on en boit pas mal <img src="https://s.w.org/images/core/emoji/2.4/72x72/1f642.png" alt="🙂" class="wp-smiley" style="height: 1em; max-height: 1em;" /></p>
<p><a href="http://www.caffeineinformer.com/">Caffeineinformer</a> est un site qui parle de la consommation de café sous toutes ses formes et vous permet en fonction de votre consommation et votre poids de calculer le nombre maximum conseillé ainsi que la dose létale vous concernant. En ce qui me concerne, le nombre maximum est 2.9 tasses par jour, et je pourrais en mourir au bout de 73.8 tasses d&rsquo;environ 28cl. Je ne sais pas si ceci est avéré (je me suis arrêté à 5 tasses par jour), mais j&rsquo;ai trouvé ça fun et plutôt à propos <img src="https://s.w.org/images/core/emoji/2.4/72x72/1f642.png" alt="🙂" class="wp-smiley" style="height: 1em; max-height: 1em;" /></p>
<p>Je vous sers une tasse ?</p>
<p>L’article <a rel="nofollow" href="/combien-de-cafe-pourriez-vous-assimiler-avant-den-mourir/">Combien de café pourriez vous assimiler avant d&rsquo;en mourir ?</a> est apparu en premier sur <a rel="nofollow" href="/">DesireLabs</a>.</p>
]]></content:encoded>
			<wfw:commentRss>/combien-de-cafe-pourriez-vous-assimiler-avant-den-mourir/feed/</wfw:commentRss>
		<slash:comments>0</slash:comments>
	<post-id xmlns="com-wordpress:feed-additions:1">334</post-id>	</item>
		<item>
		<title>Travaillez en musique !</title>
		<link>/travaillez-en-musique/</link>
		<comments>/travaillez-en-musique/#respond</comments>
		<pubDate>Fri, 05 Dec 2014 07:42:16 +0000</pubDate>
		<dc:creator><![CDATA[Franck]]></dc:creator>
				<category><![CDATA[Détente]]></category>

		<guid isPermaLink="false">/?p=304</guid>
		<description><![CDATA[<p>Je dois avouer que quand on est développeur web, le pied c&#8217;est de pouvoir garder le casque audio vissé sur la tête toute la journée 🙂 De mon côté je suis abonné à Spotify depuis plusieurs années et je ne m&#8217;en lasse pas ! Mais souvent tout de même on a besoin d&#8217;élargir sont univers &#8230; <a href="/travaillez-en-musique/" class="more-link">Continuer la lecture de <span class="screen-reader-text">Travaillez en musique !</span></a></p>
<p>L’article <a rel="nofollow" href="/travaillez-en-musique/">Travaillez en musique !</a> est apparu en premier sur <a rel="nofollow" href="/">DesireLabs</a>.</p>
]]></description>
				<content:encoded><![CDATA[<p>Je dois avouer que quand on est développeur web, le pied c&rsquo;est de pouvoir garder le casque audio vissé sur la tête toute la journée <img src="https://s.w.org/images/core/emoji/2.4/72x72/1f642.png" alt="🙂" class="wp-smiley" style="height: 1em; max-height: 1em;" /></p>
<p>De mon côté je suis abonné à <a title="Spotify - Musique en streaming légal" href="http://spotify.com/fr/">Spotify</a> depuis plusieurs années et je ne m&rsquo;en lasse pas ! Mais souvent tout de même on a besoin d&rsquo;élargir sont univers musical. Oui parce que même si on a plus d&rsquo;une centaine de playlists, parfois on se dit que c&rsquo;est un peu lourd&#8230; (drame contemporain de la (sur)consommation&#8230;). Et très récemment j&rsquo;ai découvert une radio assez sympa et très funky : <a title="Radio from reblochonland !" href="http://radiomeuh.com/">http://radiomeuh.com/</a>. Je trouve les sons qu&rsquo;ils passent plutôt cool, pas mal de vieux morceaux à l&rsquo;ancienne remis au goût du jour version funk. C&rsquo;est frais, c&rsquo;est bon, à consommer sans modération ! Et en plus y&rsquo;a pas de pub <img src="https://s.w.org/images/core/emoji/2.4/72x72/1f609.png" alt="😉" class="wp-smiley" style="height: 1em; max-height: 1em;" /></p>
<p>Enjoy music from reblochonland !</p>
<p>L’article <a rel="nofollow" href="/travaillez-en-musique/">Travaillez en musique !</a> est apparu en premier sur <a rel="nofollow" href="/">DesireLabs</a>.</p>
]]></content:encoded>
			<wfw:commentRss>/travaillez-en-musique/feed/</wfw:commentRss>
		<slash:comments>0</slash:comments>
	<post-id xmlns="com-wordpress:feed-additions:1">304</post-id>	</item>
	</channel>
</rss>
