<?xml version="1.0" encoding="UTF-8"?><rss version="2.0"
	xmlns:content="http://purl.org/rss/1.0/modules/content/"
	xmlns:wfw="http://wellformedweb.org/CommentAPI/"
	xmlns:dc="http://purl.org/dc/elements/1.1/"
	xmlns:atom="http://www.w3.org/2005/Atom"
	xmlns:sy="http://purl.org/rss/1.0/modules/syndication/"
	xmlns:slash="http://purl.org/rss/1.0/modules/slash/"
	>

<channel>
	<title>ubuntu tweak &#8211; DesireLabs</title>
	<atom:link href="/tag/ubuntu-tweak/feed/" rel="self" type="application/rss+xml" />
	<link>/</link>
	<description>Développement web, marketing digital, et référencement</description>
	<lastBuildDate>Tue, 06 Jun 2017 17:34:36 +0000</lastBuildDate>
	<language>fr-FR</language>
	<sy:updatePeriod>hourly</sy:updatePeriod>
	<sy:updateFrequency>1</sy:updateFrequency>
	<generator>https://wordpress.org/?v=4.9.4</generator>
<site xmlns="com-wordpress:feed-additions:1">67143140</site>	<item>
		<title>Out of space !</title>
		<link>/out-of-space/</link>
		<comments>/out-of-space/#respond</comments>
		<pubDate>Sat, 24 Oct 2015 13:03:45 +0000</pubDate>
		<dc:creator><![CDATA[Franck]]></dc:creator>
				<category><![CDATA[Linux]]></category>
		<category><![CDATA[ubuntu tweak]]></category>
		<category><![CDATA[xdiskusage]]></category>

		<guid isPermaLink="false">/?p=429</guid>
		<description><![CDATA[<p>L&#8217;un des problèmes majeurs que je rencontre avec Ubuntu, c&#8217;est que contrairement à Windows, non seulement il ne vous prévient pas quand votre disque sature, mais qu&#8217;en plus il peut cesser de fonctionner. Mais des remèdes existent !Depuis peu j&#8217;utilise essentiellement 2 utilitaires : xdiskusage Cet utilitaire permet de savoir rapidement quels sont les dossiers &#8230; <a href="/out-of-space/" class="more-link">Continuer la lecture de <span class="screen-reader-text">Out of space !</span></a></p>
<p>L’article <a rel="nofollow" href="/out-of-space/">Out of space !</a> est apparu en premier sur <a rel="nofollow" href="/">DesireLabs</a>.</p>
]]></description>
				<content:encoded><![CDATA[<p>L&rsquo;un des problèmes majeurs que je rencontre avec Ubuntu, c&rsquo;est que contrairement à Windows, non seulement il ne vous prévient pas quand votre disque sature, mais qu&rsquo;en plus il peut cesser de fonctionner. Mais des remèdes existent !<span id="more-429"></span>Depuis peu j&rsquo;utilise essentiellement 2 utilitaires :</p>
<h3>xdiskusage</h3>
<p>Cet utilitaire permet de savoir rapidement quels sont les dossiers / fichiers sur votre volume qui prennent le plus de place. Il vous affiche la liste des volumes avec en vis à vis l&rsquo;espace disque alloué et le pourcentage utilisé.</p>
<p><a href="/wp-content/uploads/2015/10/Capture-du-2015-10-24-140435.png"><img class="aligncenter" src="/wp-content/uploads/2015/10/Capture-du-2015-10-24-140435.png" alt="Capture du 2015-10-24 14:04:35" /></a></p>
<p>Pour savoir ensuite ce qui prend de la place sur le volume, il suffit d&rsquo;un simple clic sur le volume souhaité pour qu&rsquo;il affiche une nouvelle boîte de dialogue vous donnant un aperçu graphique de l&rsquo;arborescence occupant le plus d&rsquo;espace.</p>
<p><a href="/wp-content/uploads/2015/10/Capture-du-2015-10-24-141648.png"><img class="aligncenter" src="/wp-content/uploads/2015/10/Capture-du-2015-10-24-141648.png" alt="Capture du 2015-10-24 14:16:48" /></a></p>
<p>Il est ensuite tout à fait possible par double clic sur le dossier voulu, de descendre dans l&rsquo;arborescence et observer d&rsquo;où vient la fuite d&rsquo;espace disque. Je trouve vraiment cet utilitaire parfait car il fait une seule chose et il la fait bien <img src="https://s.w.org/images/core/emoji/2.4/72x72/1f642.png" alt="🙂" class="wp-smiley" style="height: 1em; max-height: 1em;" /></p>
<p>Pour l&rsquo;installer et le lancer :</p>
<p></p><pre class="crayon-plain-tag">sudo apt-get install xdiskusage
sudo xdiskusage</pre><p></p>
<h3>Ubuntu Tweak</h3>
<p>Voici un autre utilitaire que j&rsquo;ai découvert assez tard, bien qu&rsquo;il soit assez célèbre. Les Ubunteros le connaissent bien, mais pour ceux qui ne le connaissent pas, je vous le présente ici.</p>
<p>En plus d&rsquo;être très simple à prendre en main, cet utilitaire vous permet de vider tous les caches de votre système, de supprimer vos vieux kernels qui prennent de la place, ainsi que d&rsquo;apporter quelques modifications pratiques à votre OS. Je vous laisse découvrir tout ceci par vous même.</p>
<p><a href="/wp-content/uploads/2015/10/Capture-du-2015-10-24-145329.png"><img class="aligncenter" src="/wp-content/uploads/2015/10/Capture-du-2015-10-24-145329.png" alt="Capture du 2015-10-24 14:53:29" /></a></p>
<p><strong>Attention ! A l&rsquo;heure où j&rsquo;écris ces lignes, il n&rsquo;existe pas pour les versions ultérieurs à Ubuntu 14.10. Cependant, il est tout à fait possible d&rsquo;utiliser une version antérieures sur système 15.04.</strong></p>
<p>Pour l&rsquo;installer (version 14.10 et inférieures) :</p>
<p></p><pre class="crayon-plain-tag">sudo add-apt-repository ppa:tualatrix/next
sudo apt-get update
sudo apt-get install ubuntu-tweak</pre><p></p>
<p>Pour les versions supérieures à 14.10 :</p>
<p></p><pre class="crayon-plain-tag">sudo add-apt-repository ppa:tualatrix/next</pre><p></p>
<p>Editez ensuite le ppa en modifiant la version de l&rsquo;os par la votre (remplacer vivid par votre version) :</p>
<p></p><pre class="crayon-plain-tag">sudo nano /etc/apt/sources.list.d/tualatrix-ubuntu-next-vivid.list</pre><p></p>
<p></p><pre class="crayon-plain-tag">deb http://ppa.launchpad.net/tualatrix/next/ubuntu trusty main
# deb-src http://ppa.launchpad.net/tualatrix/next/ubuntu trusty main</pre><p></p>
<p>devient :</p>
<p></p><pre class="crayon-plain-tag">deb http://ppa.launchpad.net/tualatrix/next/ubuntu vivid main
# deb-src http://ppa.launchpad.net/tualatrix/next/ubuntu vivid main</pre><p></p>
<p>Vous avez d&rsquo;autres utilitaires intéressants ? n&rsquo;hésitez pas à les partager <img src="https://s.w.org/images/core/emoji/2.4/72x72/1f642.png" alt="🙂" class="wp-smiley" style="height: 1em; max-height: 1em;" /></p>
<p>L’article <a rel="nofollow" href="/out-of-space/">Out of space !</a> est apparu en premier sur <a rel="nofollow" href="/">DesireLabs</a>.</p>
]]></content:encoded>
			<wfw:commentRss>/out-of-space/feed/</wfw:commentRss>
		<slash:comments>0</slash:comments>
	<post-id xmlns="com-wordpress:feed-additions:1">429</post-id>	</item>
	</channel>
</rss>
