<?xml version="1.0" encoding="UTF-8"?><rss version="2.0"
	xmlns:content="http://purl.org/rss/1.0/modules/content/"
	xmlns:dc="http://purl.org/dc/elements/1.1/"
	xmlns:atom="http://www.w3.org/2005/Atom"
	xmlns:sy="http://purl.org/rss/1.0/modules/syndication/"
	
	>
<channel>
	<title>Commentaires sur : Edito &#8211; La technologie n&#8217;est pas une fin en soi</title>
	<atom:link href="/causes-echec-site/feed/" rel="self" type="application/rss+xml" />
	<link>/causes-echec-site/</link>
	<description>Développement web, marketing digital, et référencement</description>
	<lastBuildDate>Thu, 13 Apr 2017 19:39:14 +0000</lastBuildDate>
	<sy:updatePeriod>hourly</sy:updatePeriod>
	<sy:updateFrequency>1</sy:updateFrequency>
	<generator>https://wordpress.org/?v=4.9.4</generator>
</channel>
</rss>
