<?xml version="1.0" encoding="UTF-8"?><rss version="2.0"
	xmlns:content="http://purl.org/rss/1.0/modules/content/"
	xmlns:dc="http://purl.org/dc/elements/1.1/"
	xmlns:atom="http://www.w3.org/2005/Atom"
	xmlns:sy="http://purl.org/rss/1.0/modules/syndication/"
	
	>
<channel>
	<title>Commentaires sur : Astuce &#8211; Tester son code frontend dans toutes les versions d&#8217;Internet Explorer via CodePen.io</title>
	<atom:link href="/tester-son-site-sur-toutes-les-versions-dinternet-explorer-via-codepen-io/feed/" rel="self" type="application/rss+xml" />
	<link>/tester-son-site-sur-toutes-les-versions-dinternet-explorer-via-codepen-io/</link>
	<description>Développement web, marketing digital, et référencement</description>
	<lastBuildDate>Thu, 13 Apr 2017 19:39:14 +0000</lastBuildDate>
	<sy:updatePeriod>hourly</sy:updatePeriod>
	<sy:updateFrequency>1</sy:updateFrequency>
	<generator>https://wordpress.org/?v=4.9.4</generator>
</channel>
</rss>
