<?xml version="1.0" encoding="UTF-8"?><rss version="2.0"
	xmlns:content="http://purl.org/rss/1.0/modules/content/"
	xmlns:wfw="http://wellformedweb.org/CommentAPI/"
	xmlns:dc="http://purl.org/dc/elements/1.1/"
	xmlns:atom="http://www.w3.org/2005/Atom"
	xmlns:sy="http://purl.org/rss/1.0/modules/syndication/"
	xmlns:slash="http://purl.org/rss/1.0/modules/slash/"
	>

<channel>
	<title>email &#8211; DesireLabs</title>
	<atom:link href="/tag/email/feed/" rel="self" type="application/rss+xml" />
	<link>/</link>
	<description>Développement web, marketing digital, et référencement</description>
	<lastBuildDate>Tue, 06 Jun 2017 17:34:36 +0000</lastBuildDate>
	<language>fr-FR</language>
	<sy:updatePeriod>hourly</sy:updatePeriod>
	<sy:updateFrequency>1</sy:updateFrequency>
	<generator>https://wordpress.org/?v=4.9.4</generator>
<site xmlns="com-wordpress:feed-additions:1">67143140</site>	<item>
		<title>Configurez facilement l&#8217;envoi de mail sur vos sites</title>
		<link>/configurez-facilement-lenvoi-de-mail-vos-sites/</link>
		<comments>/configurez-facilement-lenvoi-de-mail-vos-sites/#respond</comments>
		<pubDate>Thu, 30 Mar 2017 17:38:45 +0000</pubDate>
		<dc:creator><![CDATA[Franck]]></dc:creator>
				<category><![CDATA[Tutoriels]]></category>
		<category><![CDATA[email]]></category>
		<category><![CDATA[mailjet]]></category>

		<guid isPermaLink="false">/?p=587</guid>
		<description><![CDATA[<p>S&#8217;il y a bien une chose casse pieds à configurer lorsqu&#8217;on lance un site, c&#8217;est la configuration du sendmail. Oui, parce que pour envoyer des mails et faire en sorte qu&#8217;ils arrivent bien dans la boîte et non dans les spams, c&#8217;est quand même loin d&#8217;être simple, surtout quand on est profane. Quand on lance &#8230; <a href="/configurez-facilement-lenvoi-de-mail-vos-sites/" class="more-link">Continuer la lecture de <span class="screen-reader-text">Configurez facilement l&#8217;envoi de mail sur vos sites</span></a></p>
<p>L’article <a rel="nofollow" href="/configurez-facilement-lenvoi-de-mail-vos-sites/">Configurez facilement l&rsquo;envoi de mail sur vos sites</a> est apparu en premier sur <a rel="nofollow" href="/">DesireLabs</a>.</p>
]]></description>
				<content:encoded><![CDATA[<p>S&rsquo;il y a bien une chose casse pieds à configurer lorsqu&rsquo;on lance un site, c&rsquo;est la configuration du sendmail. Oui, parce que pour envoyer des mails et faire en sorte qu&rsquo;ils arrivent bien dans la boîte et non dans les spams, c&rsquo;est quand même loin d&rsquo;être simple, surtout quand on est profane.<span id="more-587"></span></p>
<p>Quand on lance un site, il existe différents cas de figures dans lesquels il est nécessaire que ce dernier envoie des emails. Par exemple quand un visiteur utilise le formulaire de contact, ou encore quand vous recevez un commentaire pour votre blog, voire quand un utilisateur s&rsquo;inscrit.</p>
<p>Avec une application fonctionnant avec php, il est possible de configurer le smtp qui sera utilisé par l&rsquo;application pour envoyer l&#8217;email. Le soucis est qu&rsquo;il faut que la machine qui exécute l&rsquo;application, le serveur donc, soit autorisé à le faire d&rsquo;une part, et que l&rsquo;adresse d&rsquo;envoie qu&rsquo;elle utilise existe.</p>
<p>Celà implique d&#8217;emblé de devoir envoyer les mains dans les fichiers de configuration, de devoir configurer le sendmail, d&rsquo;autoriser l&rsquo;envoi au niveau de votre registrar&#8230; On a déjà mal à la tête et on n&rsquo;a pas forcément la garanti que ça fonctionnera. Alors que faire ?</p>
<h2>La délégation de service</h2>
<p>Des sociétés offrent de passer par leurs serveurs pour router les emails émis par vos applications et vous assurer de ne pas atterrir dans les spams. Souvent ces services offrent des formules très intéressantes et gratuites pour les faibles volumes d&rsquo;envoi. Pour en avoir testé quelques uns, j&rsquo;ai choisi de vous parler de celui que j&rsquo;utilise aujourd&rsquo;hui pour sa fiabilité et sa facilité de prise en mains : J&rsquo;ai nommé Mailjet !</p>
<p>Alors oui, je fais de la publicité, et je ne suis pas rémunéré pour ça. Mais je pense que quand on découvre des services intéressants, c&rsquo;est bien de partager <img src="https://s.w.org/images/core/emoji/2.4/72x72/1f642.png" alt="🙂" class="wp-smiley" style="height: 1em; max-height: 1em;" /></p>
<h2>Mailjet c&rsquo;est quoi ?</h2>
<p>Mailjet est un « copilotes pour l&#8217;emailing ». C&rsquo;est ainsi qu&rsquo;ils se définissent en offrant une plateforme facile à utiliser pour faire des newsletter, envoyer des mails, offrir des statistiques détaillées de vos campagnes, et même la création from scratch de vos templates d&#8217;email.</p>
<p>Un des gros avantages de cette plateforme est qu&rsquo;elle permet de configurer l&rsquo;envoi d&#8217;emails à partir de votre domaine ou de votre adresse email, et ce gratuitement jusqu&rsquo;à 200 emails par jour.</p>
<h2>Comment ça marche ?</h2>
<p>Premièrement il faut se créer un compte. Une fois que c&rsquo;est fait, il faut se rendre dans la rubrique « Mon compte » pour atterrir sur votre tableau de bord.</p>
<p><img class="aligncenter wp-image-588 size-large" src="/wp-content/uploads/2017/03/Sélection_002-1024x600.png" width="525" height="308" srcset="/wp-content/uploads/2017/03/Sélection_002-1024x600.png 1024w, /wp-content/uploads/2017/03/Sélection_002-300x176.png 300w, /wp-content/uploads/2017/03/Sélection_002-768x450.png 768w, /wp-content/uploads/2017/03/Sélection_002.png 1070w" sizes="(max-width: 525px) 100vw, 525px" /></p>
<p>Rendez-vous dans la section « Ajout d&rsquo;un domaine ou d&rsquo;une adresse d’expéditeur ».</p>
<p>La première chose à faire est de configurer le domaine à partir duquel les mails seront envoyés. Cliquez sur le bouton « + Ajouter un domaine » et remplissez les champs (nom du site et domaine) puis, validez.</p>
<p><img class="aligncenter size-large wp-image-589" src="/wp-content/uploads/2017/03/Sélection_003-1024x520.png" alt="" width="525" height="267" srcset="/wp-content/uploads/2017/03/Sélection_003-1024x520.png 1024w, /wp-content/uploads/2017/03/Sélection_003-300x152.png 300w, /wp-content/uploads/2017/03/Sélection_003-768x390.png 768w, /wp-content/uploads/2017/03/Sélection_003.png 1032w" sizes="(max-width: 525px) 100vw, 525px" /></p>
<p>Mailjet vous génère un fichier texte qu&rsquo;il faudra mettre à la racine de votre site afin de vérifier que vous êtes bien le propriétaire du domaine. Procédez comme demandé, ceci permet de lier votre compte Mailjet à votre domaine.</p>
<p>Vient ensuite la configuration de l&#8217;email d&rsquo;envoi. Oui parce que bon on n&rsquo;a pas forcément envie que ce soit un email différent de notre domaine qui envoie tout nos mail hein <img src="https://s.w.org/images/core/emoji/2.4/72x72/1f609.png" alt="😉" class="wp-smiley" style="height: 1em; max-height: 1em;" /></p>
<p>De retour sur la page des paramètres d&rsquo;envoi, ajoutez l&rsquo;adresse email qui est censée envoyer les emails à partir de votre domaine en cliquant sur le bouton « + ajouter une adresse email ».</p>
<p>Remplissez les champs demandés et renseignez le « type d&#8217;email ». Dans mon cas c&rsquo;est pour les emails transactionnels, donc j&rsquo;ai coché l&rsquo;option  » E-mails de votre site ».</p>
<p><img class="aligncenter size-large wp-image-590" src="/wp-content/uploads/2017/03/Sélection_004-1024x581.png" alt="" width="525" height="298" srcset="/wp-content/uploads/2017/03/Sélection_004-1024x581.png 1024w, /wp-content/uploads/2017/03/Sélection_004-300x170.png 300w, /wp-content/uploads/2017/03/Sélection_004-768x436.png 768w, /wp-content/uploads/2017/03/Sélection_004.png 1035w" sizes="(max-width: 525px) 100vw, 525px" /></p>
<p>Voilà pour la configuration côté Mailjet. Passons à la configuration de votre application.</p>
<h2>Configurer le smtp de Mailjet sur votre application</h2>
<p>Je ne passerai pas en revue les différents moyen de configurer votre smtp, ceux ci étant relatif à votre serveur et / ou application. Ce qui est important c&rsquo;est que vous sachiez où vous devez configurer tout ça.</p>
<p>Retournez sur votre tableau de bord, puis dans « paramètres SMTP et Send API ».</p>
<p><img class="aligncenter size-large wp-image-591" src="/wp-content/uploads/2017/03/Sélection_002-1-1024x600.png" alt="" width="525" height="308" srcset="/wp-content/uploads/2017/03/Sélection_002-1-1024x600.png 1024w, /wp-content/uploads/2017/03/Sélection_002-1-300x176.png 300w, /wp-content/uploads/2017/03/Sélection_002-1-768x450.png 768w, /wp-content/uploads/2017/03/Sélection_002-1.png 1070w" sizes="(max-width: 525px) 100vw, 525px" /></p>
<p>Sur la page suivante se trouve tout ce dont vous avez besoin pour configurer votre application : l&rsquo;adresse du serveur smtp, le port (préférez le 587 vu comme précisé que certains hébergeurs bloquent le port 25 désormais), ainsi que vos identifiants de connexion Mailjet si besoin.</p>
<p>une fois que vous avez tout bien configuré, effectuez un petit test pour vous assurer que tout fonctionne <img src="https://s.w.org/images/core/emoji/2.4/72x72/1f642.png" alt="🙂" class="wp-smiley" style="height: 1em; max-height: 1em;" /> Une fois terminé, vous pouvez supprimer le fichier texte qui se trouve à la racine de votre site et profiter de la vie sans prise de tête avec le mails B)</p>
<p>J&rsquo;espère que cet article vous a plus, sachez que Mailjet propose aussi de l&#8217;emailing de masse pour les newsletter par exemple, mais n&rsquo;ayant pas essayé pour le moment, je vous en reparlerai quand ce sera fait <img src="https://s.w.org/images/core/emoji/2.4/72x72/1f609.png" alt="😉" class="wp-smiley" style="height: 1em; max-height: 1em;" /></p>
<p>A bientôt !</p>
<p>L’article <a rel="nofollow" href="/configurez-facilement-lenvoi-de-mail-vos-sites/">Configurez facilement l&rsquo;envoi de mail sur vos sites</a> est apparu en premier sur <a rel="nofollow" href="/">DesireLabs</a>.</p>
]]></content:encoded>
			<wfw:commentRss>/configurez-facilement-lenvoi-de-mail-vos-sites/feed/</wfw:commentRss>
		<slash:comments>0</slash:comments>
	<post-id xmlns="com-wordpress:feed-additions:1">587</post-id>	</item>
	</channel>
</rss>
