<?xml version="1.0" encoding="UTF-8"?><rss version="2.0"
	xmlns:content="http://purl.org/rss/1.0/modules/content/"
	xmlns:wfw="http://wellformedweb.org/CommentAPI/"
	xmlns:dc="http://purl.org/dc/elements/1.1/"
	xmlns:atom="http://www.w3.org/2005/Atom"
	xmlns:sy="http://purl.org/rss/1.0/modules/syndication/"
	xmlns:slash="http://purl.org/rss/1.0/modules/slash/"
	>

<channel>
	<title>widget &#8211; DesireLabs</title>
	<atom:link href="/tag/widget/feed/" rel="self" type="application/rss+xml" />
	<link>/</link>
	<description>Développement web, marketing digital, et référencement</description>
	<lastBuildDate>Tue, 06 Jun 2017 17:34:36 +0000</lastBuildDate>
	<language>fr-FR</language>
	<sy:updatePeriod>hourly</sy:updatePeriod>
	<sy:updateFrequency>1</sy:updateFrequency>
	<generator>https://wordpress.org/?v=4.9.4</generator>
<site xmlns="com-wordpress:feed-additions:1">67143140</site>	<item>
		<title>Intégrer des widgets dans ses contenus WordPress</title>
		<link>/integrer-des-widget-dans-ses-contenus-wordpress/</link>
		<comments>/integrer-des-widget-dans-ses-contenus-wordpress/#respond</comments>
		<pubDate>Sun, 01 Nov 2015 21:30:41 +0000</pubDate>
		<dc:creator><![CDATA[Franck]]></dc:creator>
				<category><![CDATA[Plugins]]></category>
		<category><![CDATA[Wordpress]]></category>
		<category><![CDATA[plugin wordpress]]></category>
		<category><![CDATA[widget]]></category>

		<guid isPermaLink="false">/?p=441</guid>
		<description><![CDATA[<p>Ne vous est-il pas déjà arrivé de vouloir afficher un ou plusieurs widgets sur une page ou dans un article WordPress ? Ces petites boîtes sont devenues tellement nombreuses et sont si pratiques que ce serait dommage de cantonner leur usage à la sidebar uniquement 🙂 Aujourd&#8217;hui je vous offre un plugin très simple qui &#8230; <a href="/integrer-des-widget-dans-ses-contenus-wordpress/" class="more-link">Continuer la lecture de <span class="screen-reader-text">Intégrer des widgets dans ses contenus WordPress</span></a></p>
<p>L’article <a rel="nofollow" href="/integrer-des-widget-dans-ses-contenus-wordpress/">Intégrer des widgets dans ses contenus WordPress</a> est apparu en premier sur <a rel="nofollow" href="/">DesireLabs</a>.</p>
]]></description>
				<content:encoded><![CDATA[<p>Ne vous est-il pas déjà arrivé de vouloir afficher un ou plusieurs widgets sur une page ou dans un article WordPress ? Ces petites boîtes sont devenues tellement nombreuses et sont si pratiques que ce serait dommage de cantonner leur usage à la sidebar uniquement <img src="https://s.w.org/images/core/emoji/2.4/72x72/1f642.png" alt="🙂" class="wp-smiley" style="height: 1em; max-height: 1em;" /> Aujourd&rsquo;hui je vous offre un plugin très simple qui vous permet cela, mais pas que&#8230; <span id="more-441"></span>Je ne trouvais pas chaussure à mon pied, et aucune solution existante ne me séduisait. J&rsquo;ai donc codé ce petit plugin qui offre deux fonctionnalités :</p>
<ol>
<li>Pouvoir ajouter des widgets dans un contenu (page ou article par exemple) via un simple shortcode</li>
<li>Pouvoir afficher une page dans un widget (pratique si l&rsquo;on souhaite faire un design one page)</li>
</ol>
<p>C&rsquo;est la version 1.0, ce qui signifie qu&rsquo;elle est stable bien sûr, mais aussi que pour l&rsquo;instant, il n&rsquo;y a aucune autre fonctionnalité que celles décrites plus haut. J&rsquo;ai déjà une petite liste d&rsquo;améliorations et d&rsquo;évolutions dans les cartons, so wait (try) and see <img src="https://s.w.org/images/core/emoji/2.4/72x72/1f609.png" alt="😉" class="wp-smiley" style="height: 1em; max-height: 1em;" /></p>
<p>Je ne vous décris pas son fonctionnement, je vous laisse découvrir ça par vous-même, car vous verrez c&rsquo;est très simple.</p>
<p>Quelques captures d&rsquo;écran viendront bientôt, donc en attendant, si vous souhaitez tester l&rsquo;application, rendez-vous sur mon compte GitHub :</p>
<p><a href="https://github.com/neovea/desire-page-widget" target="_blank"><br />
</a><a href="https://github.com/neovea/desire-page-widget" target="_blank"><img class="aligncenter" src="/wp-content/uploads/2015/11/GitHub_Logo-300x123.png" alt="GitHub_Logo" width="163" height="67" /></a>Ou sur wordpress.org :</p>
<p><a href="https://wordpress.org/plugins/desire-page-widget/" target="_blank"><img class="aligncenter" src="/wp-content/uploads/2015/11/wordpress-logo-hoz-rgb-300x100.jpg" alt="wordpress-logo-hoz-rgb" width="300" height="100" /></a></p>
<p>N&rsquo;hésitez pas à me faire vos retours sur mon compte GitHub ou dans les commentaires. Merci <img src="https://s.w.org/images/core/emoji/2.4/72x72/1f642.png" alt="🙂" class="wp-smiley" style="height: 1em; max-height: 1em;" /></p>
<p>L’article <a rel="nofollow" href="/integrer-des-widget-dans-ses-contenus-wordpress/">Intégrer des widgets dans ses contenus WordPress</a> est apparu en premier sur <a rel="nofollow" href="/">DesireLabs</a>.</p>
]]></content:encoded>
			<wfw:commentRss>/integrer-des-widget-dans-ses-contenus-wordpress/feed/</wfw:commentRss>
		<slash:comments>0</slash:comments>
	<post-id xmlns="com-wordpress:feed-additions:1">441</post-id>	</item>
	</channel>
</rss>
