<?xml version="1.0" encoding="UTF-8"?><rss version="2.0"
	xmlns:content="http://purl.org/rss/1.0/modules/content/"
	xmlns:wfw="http://wellformedweb.org/CommentAPI/"
	xmlns:dc="http://purl.org/dc/elements/1.1/"
	xmlns:atom="http://www.w3.org/2005/Atom"
	xmlns:sy="http://purl.org/rss/1.0/modules/syndication/"
	xmlns:slash="http://purl.org/rss/1.0/modules/slash/"
	>

<channel>
	<title>Editorial &#8211; DesireLabs</title>
	<atom:link href="/category/editorial/feed/" rel="self" type="application/rss+xml" />
	<link>/</link>
	<description>Développement web, marketing digital, et référencement</description>
	<lastBuildDate>Tue, 06 Jun 2017 17:34:36 +0000</lastBuildDate>
	<language>fr-FR</language>
	<sy:updatePeriod>hourly</sy:updatePeriod>
	<sy:updateFrequency>1</sy:updateFrequency>
	<generator>https://wordpress.org/?v=4.9.4</generator>
<site xmlns="com-wordpress:feed-additions:1">67143140</site>	<item>
		<title>Edito &#8211; Calendrier de l&#8217;avent 2015 et nouvelle année</title>
		<link>/calendrier-de-lavent-2015-et-nouvelle-annee/</link>
		<comments>/calendrier-de-lavent-2015-et-nouvelle-annee/#respond</comments>
		<pubDate>Sun, 03 Jan 2016 14:26:52 +0000</pubDate>
		<dc:creator><![CDATA[Franck]]></dc:creator>
				<category><![CDATA[Editorial]]></category>
		<category><![CDATA[année 2016]]></category>
		<category><![CDATA[celendrier de l'avent]]></category>
		<category><![CDATA[plugin wordpress]]></category>
		<category><![CDATA[theme wordpress]]></category>

		<guid isPermaLink="false">/?p=474</guid>
		<description><![CDATA[<p>Bonne année à toutes et tous ! Pas de rétrospective dans cet article, mais un petit retour le calendrier de l&#8217;avent et un point sur les perspectives du blog à l&#8217;horizon 2016.Premièrement, merci à toutes celles et ceux qui m&#8217;ont fait des retours sur le calendrier de l&#8217;avent 2015, il semble qu&#8217;il ait eu beaucoup &#8230; <a href="/calendrier-de-lavent-2015-et-nouvelle-annee/" class="more-link">Continuer la lecture de <span class="screen-reader-text">Edito &#8211; Calendrier de l&#8217;avent 2015 et nouvelle année</span></a></p>
<p>L’article <a rel="nofollow" href="/calendrier-de-lavent-2015-et-nouvelle-annee/">Edito &#8211; Calendrier de l&rsquo;avent 2015 et nouvelle année</a> est apparu en premier sur <a rel="nofollow" href="/">DesireLabs</a>.</p>
]]></description>
				<content:encoded><![CDATA[<p>Bonne année à toutes et tous ! Pas de rétrospective dans cet article, mais un petit retour le calendrier de l&rsquo;avent et un point sur les perspectives du blog à l&rsquo;horizon 2016.<span id="more-474"></span>Premièrement, merci à toutes celles et ceux qui m&rsquo;ont fait des retours sur le calendrier de l&rsquo;avent 2015, il semble qu&rsquo;il ait eu beaucoup de succès <img src="https://s.w.org/images/core/emoji/2.4/72x72/1f642.png" alt="🙂" class="wp-smiley" style="height: 1em; max-height: 1em;" /> Visiblement ce sont surtout les jeux qui ont fait fureur, mais j&rsquo;ai eu pas mal de retours aussi sur les « experiments ». A la base je comptais mettre des citations, car ce calendrier était destiné au plus grand nombre. Mais autant vous le dire de suite, cette entreprise m&rsquo;a semblée assez ennuyeuse. A la place j&rsquo;ai opté pour des expérimentations ou des petites bizarreries du monde du web. La plupart des posts sont issus de <a href="https://www.chromeexperiments.com/" target="_blank">Chrome experiments</a> et de <a href="https://developer.mozilla.org/fr/demos/" target="_blank">Mozilla demo studio</a>. Je vous invite donc à aller y faire un tour, il y a vraiment des perles !</p>
<p>Petite parenthèse pour les utilisateurs Apple : Je vous présente mes excuses, car certains ont visiblement rencontré des soucis avec le calendrier. N&rsquo;ayant pas d&rsquo;appareil Apple pour déboguer, je ne m&rsquo;y suis pas attelé.</p>
<p>Merci cependant à tous pour vos retours, ils vont m&rsquo;être précieux afin de proposer des contenus plus adaptés, ainsi qu&rsquo;un future « cadeau » de fin d&rsquo;année en 2016, promis <img src="https://s.w.org/images/core/emoji/2.4/72x72/1f609.png" alt="😉" class="wp-smiley" style="height: 1em; max-height: 1em;" /></p>
<p>Quant au blog, <a href="/edito-du-13-juin-2015/">j&rsquo;avais déjà par le passé exprimé ma volonté de migrer vers un autre outil de publication</a>. Mais je n&rsquo;ai malheureusement pas eu le temps de me pencher dessus. Entre le travail à l&rsquo;agence et les projets freelance, vraiment pas évident, donc relégué plus loin dans la liste des priorités. Par ailleurs, WordPress reste un outil finalement suffisamment puissant et flexible pour décider de continuer avec.</p>
<p><a href="/edito-du-13-juin-2015/">Quant à la publication d&rsquo;un thème</a>, sachez qu&rsquo;il est en cours et qu&rsquo;il arrivera d&rsquo;ici ce printemps. J&rsquo;ai pris du retard, car les ambitions étaient assez importantes : proposer un thème qui soit à la fois léger, et modulaire via la création d&rsquo;options spécifiques qu&rsquo;on aura le choix d&rsquo;activer ou pas. Car j&rsquo;ai toujours regretté ces thèmes ultra complets, lourds et difficiles à maintenir. Ainsi on n&rsquo;active que ce dont on a besoin et puis c&rsquo;est tout. Ainsi on n&rsquo;alourdit pas inutilement sont site. Je travaille à l&rsquo;intégration d&rsquo;outils et librairies open source dont la communauté et les auteurs sont actifs, ce qui, je l&rsquo;espère permettra à ce thème d&rsquo;offrir à d&rsquo;autres développeurs les clés pour profiter d&rsquo;un thème puissant et facilement maintenable.</p>
<p>Comme certains l&rsquo;ont vu, j&rsquo;ai également offert à la communauté WordPress 2 plugins, dont le développement est toujours actif :</p>
<p><a href="/filtrer-ses-portfolios-jetpack-grace-a-isotope/">Desire Portfolio Filter</a> &#8211; qui ajoute les fonctions de filtres par type aux portfolio JetPack<br />
<a href="/integrer-des-widget-dans-ses-contenus-wordpress/">Desire Page Widget</a> &#8211; qui permet l&rsquo;ajout d&rsquo;une sidebar de Widget dans le contenu via shortcode, ainsi que l&rsquo;inclusion de page via un widget dédié</p>
<p>Ces deux plugins en sont à leurs débuts et ne proposent pour l&rsquo;instant que des fonctionnalités assez simples. Mais grâce aux retours des utilisateurs, ils devraient bientôt offrir plus. Donc si vous même vous les utilisez, n&rsquo;hésitez pas à faire un feedback, si possible dans les commentaires de leurs pages respectives, sur GitHub et WordPress.org. Les retours sont très important et permettent d&rsquo;améliorer et d&rsquo;offrir des outils pertinents. Deux autres plugins sont en cours de développement. Mais ça, je vous en reparlerai en temps et en heure <img src="https://s.w.org/images/core/emoji/2.4/72x72/1f609.png" alt="😉" class="wp-smiley" style="height: 1em; max-height: 1em;" /></p>
<p>Dernière chose, l&rsquo;activité sur le blog risque de ralentir ces prochains mois. Elle n&rsquo;était déjà pas énorme, d&rsquo;autant que je le tiens pour le plaisir d&rsquo;une part, et participer à la communauté d&rsquo;autre part, mais je vais opérer une migration de moi-même vers Toulouse ! Ceci arrivera fin juin (à priori). Je suis déjà en recherche active de rencontres, d&rsquo;agences et de confrères dans la ville rose. Une nouvelle aventure qui se prépare donc, et qui occupe pas mal de mon temps <img src="https://s.w.org/images/core/emoji/2.4/72x72/1f642.png" alt="🙂" class="wp-smiley" style="height: 1em; max-height: 1em;" /> D&rsquo;ailleurs si vous êtes de là bas, n&rsquo;hésitez pas à me contacter histoire qu&rsquo;on se rencontre ou échange une fois sur place, voire avant <img src="https://s.w.org/images/core/emoji/2.4/72x72/1f609.png" alt="😉" class="wp-smiley" style="height: 1em; max-height: 1em;" /></p>
<p>Je vous souhaite encore une bonne et heureuse année 2016, pleine de projets, de joie et de vie !</p>
<p>Ciao !</p>
<p>&nbsp;</p>
<p>&nbsp;</p>
<p>L’article <a rel="nofollow" href="/calendrier-de-lavent-2015-et-nouvelle-annee/">Edito &#8211; Calendrier de l&rsquo;avent 2015 et nouvelle année</a> est apparu en premier sur <a rel="nofollow" href="/">DesireLabs</a>.</p>
]]></content:encoded>
			<wfw:commentRss>/calendrier-de-lavent-2015-et-nouvelle-annee/feed/</wfw:commentRss>
		<slash:comments>0</slash:comments>
	<post-id xmlns="com-wordpress:feed-additions:1">474</post-id>	</item>
		<item>
		<title>Edito &#8211; Windows 10 : une gratuité qui se paye</title>
		<link>/windows-10-pas-gratuit/</link>
		<comments>/windows-10-pas-gratuit/#respond</comments>
		<pubDate>Mon, 24 Aug 2015 23:00:26 +0000</pubDate>
		<dc:creator><![CDATA[Franck]]></dc:creator>
				<category><![CDATA[Editorial]]></category>
		<category><![CDATA[microsoft]]></category>
		<category><![CDATA[vie privée]]></category>

		<guid isPermaLink="false">/?p=399</guid>
		<description><![CDATA[<p>Comme chaque matin, quand je bois mon premier café, je navigue sur mon compte Feedly pour m&#8217;informer de ce qui se passe dans le monde de l&#8217;informatique. Ce matin je suis tombé sur un fait assez intéressant pour être noté et me donner envie d&#8217;écrire un article au passage : Certains sites ne seront plus &#8230; <a href="/windows-10-pas-gratuit/" class="more-link">Continuer la lecture de <span class="screen-reader-text">Edito &#8211; Windows 10 : une gratuité qui se paye</span></a></p>
<p>L’article <a rel="nofollow" href="/windows-10-pas-gratuit/">Edito &#8211; Windows 10 : une gratuité qui se paye</a> est apparu en premier sur <a rel="nofollow" href="/">DesireLabs</a>.</p>
]]></description>
				<content:encoded><![CDATA[<p>Comme chaque matin, quand je bois mon premier café, je navigue sur mon compte Feedly pour m&rsquo;informer de ce qui se passe dans le monde de l&rsquo;informatique. Ce matin je suis tombé sur un fait assez intéressant pour être noté et me donner envie d&rsquo;écrire un article au passage : Certains sites ne seront plus accessibles par l&rsquo;intermédiaire de Windows 10.<span id="more-399"></span></p>
<p><strong>Je précise que je n&rsquo;ai pas pour habitude de sortir de ma ligne éditoriale, mais comme ça touche ici à un outil dont je me sers au quotidien dans mon travail, je pense que cela ne déviera pas trop du reste du blog.</strong></p>
<p><a href="http://www.silicon.fr/sites-pirates-bloquent-windows-10-124634.html" target="_blank">Silicon.fr</a> relataient ainsi le fait :</p>
<blockquote><p>« Les sites de partage de fichiers torrents [&#8230;] s’inquiètent des indiscrétions de Windows 10. Les conditions d’utilisation de Windows 10 autorisent effectivement Microsoft à capter toutes les informations présentes sur la machine et à les transmettre à ses partenaires. »</p></blockquote>
<p>En mon for intérieur, je n&rsquo;ai pas pu m&#8217;empêcher de trouver ça un peu fort (haha). Non pas que je sois convaincu que Microsoft soit à ranger dans la catégorie des bons élèves en matière de respect de la vie privée et de sécurisation des données personnelles, mais j&rsquo;ai toujours trouvé que malgré ses travers, cette société avait, à tout le moins, un semblant de responsabilité vis à vis de ses utilisateurs. Très sceptique, je me suis rendu sur le site de Microsoft afin de constater qu&rsquo;ils avaient tout simplement éradiqué purement et simplement la notion de vie privée de leurs conditions générales.</p>
<p>Je vous invite à y jeter un œil, c&rsquo;est vraiment pas long à lire (5 minutes tout au plus !) et très instructif : <a href="http://windows.microsoft.com/fr-fr/windows/preview-privacy-statement" target="_blank">http://windows.microsoft.com/fr-fr/windows/preview-privacy-statement</a><br />
En gros ça dit qu&rsquo;ils peuvent accéder aux données stockées sur votre ordinateur, à celles de vos périphériques connectés (téléphones, tablettes etc), qu&rsquo;ils peuvent utiliser vos données vocales (Cortana, VoIP etc), les fichiers de tout types (images, documents word, excel etc), qu&rsquo;ils peuvent également collecter les informations de vos matériels (imprimantes et consorts), vos données de connexion, vos habitudes de navigation, d&rsquo;utilisation logicielles et matérielles&#8230; Bref tout vous avez bien compris. Le <em>Personal Computer</em> (PC) n&rsquo;a plus rien de personnel. Il devient simplement une boîte d&rsquo;écoute et de collecte de données vous concernant.</p>
<p>En ce qui me concerne, j&rsquo;essaye d&rsquo;être assez vigilant quant à mes données, et je suis loin d&rsquo;être insensible à toute la mouvance autour de la vie privée qui se déroule depuis ces 3 dernières années. Et j&rsquo;ai le sentiment qu&rsquo;un contre courant est en train de naître : Par exemple avant, les sociétés noyaient leur politique de confidentialité sous les tonnes de texte indigeste de leur charte. Maintenant, étant donné que tout le monde est censé être au courant, il devient inutile de jouer les hypocrites. Et là ça devient carrément choquant je trouve, dans le sens où, en substance, on nous dit clairement : « vos données sont la monnaie d&rsquo;échange pour l&rsquo;utilisation de nos services et produits ». Alors j&rsquo;en vois déjà monter au créneau et me traiter de naïf, car on sait que c&rsquo;est le cas chez beaucoup de sociétés (Facebook, Google&#8230;), mais je tiens à souligner que si on regarde de plus près, on constate que Windows 10 est gratuit la première année, mais pas les suivantes. Et il sera facturé chaque année comme un service, entre 99 et 199$ selon la version. La gratuité entraîne dans un premier temps une conversion massive des consommateurs, puis vient le temps où il faut passer à la caisse. Et, en plus de ça, il faudra très certainement continuer de laisser s&rsquo;écouler nos données personnelles, professionnelles et comportementales, sans compter celles de nos proches qui se trouvent potentiellement sur nos machines (photos, documents). Dans de telles conditions, je ne peux m&#8217;empêcher de me sentir vraiment pris pour une buse. Je trouve cette politique particulièrement insultante envers ses utilisateurs. Heureusement pour moi, je ne tourne plus sous Windows mais sous Linux, qui est devenu avec les années une alternative libre extrêmement crédible à ses homologues propriétaires.</p>
<p>L&rsquo;espèce humaine est en train de vivre une véritable révolution, très certainement la plus importante depuis son apparition. Nos appareils sont devenus non plus des outils, mais des extensions de nous même, grâce auxquelles nous accélérons les choses autour de nous, grâce auxquelles nous pouvons satisfaire nos envie de manière plus simple, et c&rsquo;est devenu naturel. Mais tout ce qui brille n&rsquo;est pas or, et il est très facile de se laisser faire pour peu qu&rsquo;un produit ou un service réponde assez bien à un besoin, ou un désire&#8230;</p>
<p>L’article <a rel="nofollow" href="/windows-10-pas-gratuit/">Edito &#8211; Windows 10 : une gratuité qui se paye</a> est apparu en premier sur <a rel="nofollow" href="/">DesireLabs</a>.</p>
]]></content:encoded>
			<wfw:commentRss>/windows-10-pas-gratuit/feed/</wfw:commentRss>
		<slash:comments>0</slash:comments>
	<post-id xmlns="com-wordpress:feed-additions:1">399</post-id>	</item>
		<item>
		<title>Edito &#8211; La technologie n&#8217;est pas une fin en soi</title>
		<link>/causes-echec-site/</link>
		<comments>/causes-echec-site/#respond</comments>
		<pubDate>Sat, 25 Jul 2015 09:40:36 +0000</pubDate>
		<dc:creator><![CDATA[Franck]]></dc:creator>
				<category><![CDATA[Editorial]]></category>
		<category><![CDATA[framework]]></category>
		<category><![CDATA[webdesign]]></category>

		<guid isPermaLink="false">/?p=359</guid>
		<description><![CDATA[<p>Ce matin je lisais un article fort intéressant en cela qu&#8217;il dissèque les raisons de l&#8217;échec d&#8217;un site : l&#8217;expérience utilisateur. Mais si effectivement l&#8217;auteur met en cause le choix d&#8217;une technologie, je pense qu&#8217;il est de bon aloi de revenir un peu en arrière et traiter plus en profondeur les raisons de son échec. &#8230; <a href="/causes-echec-site/" class="more-link">Continuer la lecture de <span class="screen-reader-text">Edito &#8211; La technologie n&#8217;est pas une fin en soi</span></a></p>
<p>L’article <a rel="nofollow" href="/causes-echec-site/">Edito &#8211; La technologie n&rsquo;est pas une fin en soi</a> est apparu en premier sur <a rel="nofollow" href="/">DesireLabs</a>.</p>
]]></description>
				<content:encoded><![CDATA[<p>Ce matin je lisais un article fort intéressant en cela qu&rsquo;il dissèque les raisons de l&rsquo;échec d&rsquo;un site : l&rsquo;expérience utilisateur. Mais si effectivement l&rsquo;auteur met en cause le choix d&rsquo;une technologie, je pense qu&rsquo;il est de bon aloi de revenir un peu en arrière et traiter plus en profondeur les raisons de son échec.<span id="more-359"></span></p>
<p><strong>Avant toute chose, je tiens à préciser que le but de cet article n&rsquo;est pas de critiquer gratuitement le travail d&rsquo;autrui, mais d&rsquo;utiliser son expérience pour appuyer mon propos. Car il n&rsquo;y a aucun doute pour ma part, sur le fait que cette personne est probablement très compétente. Mais elle décrit un écueil dans lequel il est très facile de tomber, même lorsqu&rsquo;on est rompu à la pratique du développement web. Par ailleurs, je tiens à souligner qu&rsquo;il n&rsquo;est pas évident de mettre en abîme son propre travail et de le critiquer publiquement. C&rsquo;est donc avec le plus grand respect que je traiterai ici de son échec à produire un site pour ses visiteurs.</strong></p>
<p>C&rsquo;est parti donc, voici le site en question : <a href="http://aboutmeng.cf/" target="_blank">http://aboutmeng.cf/</a></p>
<p>Je ne m&rsquo;arrêterai que brièvement dessus car l&rsquo;auteur lui même détaille très bien ce qui ne va pas. Je vous encourage d&rsquo;ailleurs à lire <a href="https://medium.com/the-things/post-mortem-of-a-failed-website-97e01ee0d8ea" target="_blank">son article</a>. Pour faire simple, l&rsquo;auteur a construit son site autour d&rsquo;un framework « Material Design ». Jusque là tout va bien, mais il a fait l&rsquo;impasse sur l&rsquo;indispensable lorsqu&rsquo;on construit un site : sa pré-conception, les tests et l&rsquo;optimisation.</p>
<h2 class="western">Le choix des armes</h2>
<p>Les framework front-end peuplent nos boîtes à outils de designer et nous avons tendance à les considérer sans faille et utilisables à tort et à travers sans jamais se poser la question de leur pertinence. « Est-ce un bon choix ? Répond-il à un besoin réel ? » ou encore « Quelles sont ses limites ? ». C&rsquo;est ce qui est arrivé à l&rsquo;auteur de cet article.</p>
<p>Ce qui m&#8217;emmène au premier point lorsqu&rsquo;on développe un site : Le choix des outils. Ils doivent répondre à un besoin spécifique. Un site doit être développé pour ses utilisateurs, et pas seulement pour se faire plaisir. De fait la pertinence des choix à faire est primordiale. Avoir un site utilisable et qui permette à l&rsquo;utilisateur d&rsquo;accéder au contenu qui le concerne de manière simple, efficace et rapide doit être à mon avis au cœur des préoccupation du développeur. L&rsquo;accessibilité, trop souvent négligée au profit du beau, a tôt fait de pénaliser le site. Les internautes sont exigeants, mais pas plus en termes d&rsquo;esthétique que d&rsquo;utilisabilité. Car un site aura beau être beau, s&rsquo;il est inutilisable, ou tout du moins difficile à utiliser, il perd en pertinence et en crédibilité.</p>
<p><strong>Choisir ses outils c&rsquo;est donc faire des choix crédibles vis à vis de l&rsquo;utilisabilité, mais aussi de la durabilité.</strong></p>
<p>La pérennité est à considérer, car une librairie ou un framework qui est peu, pas ou mal maintenu aura un impact majeur sur le site qui l&rsquo;intègre, et à fortiori sur l&rsquo;expérience utilisateur (et je ne parle même pas de la sécurité).</p>
<h2 class="western">Les tests navigateurs</h2>
<p>Par ailleurs, et je suis extrêmement perplexe, car je pense que l&rsquo;auteur est compétent, mais il a, semble-t-il, eu une confiance quasiment aveugle en l&rsquo;outil utilisée au point de ne tester son design que dans un seul navigateur : Apple Safari. Je vous laisse méditer ceci 5 secondes.</p>
<p>Ce que j&rsquo;ai appris avec le temps et l&rsquo;expérience, c&rsquo;est que la technologie n&rsquo;est pas une fin en soit, que chacune répond à un besoin spécifique comme je l&rsquo;ai déjà dit, et qu&rsquo;il faut se montrer à la fois humble et aussi peut être un peu paranoïaque (d&rsquo;où les tests, et multi-navigateur s&rsquo;il vous plaît !). Penser qu&rsquo;il suffit d&rsquo;intégrer un framework sans présupposer qu&rsquo;il possède des limites, c&rsquo;est se tirer une balle dans le pied.</p>
<p><strong>Il est donc impératif de faire des tests multi-navigateur (voire multi-architecture).</strong></p>
<p>Ceci est un impondérable lorsqu&rsquo;on développe un site. Au menu nous avons, Google Chrome, Apple Safari, Mozilla Firefox et le bien aimé Microsoft Internet Explorer. D&rsquo;ailleurs, pour ce dernier, il existe plusieurs versions utilisées de par le monde. Il est connu que la version la plus problématique aujourd&rsquo;hui reste la version 8. A celà vous pouvez aussi rajouter les navigateurs mobiles qui sont devenu autant voir plus utilisés que leurs homologues desktop. Avec l&rsquo;avènement de HTML 5 et CSS 3 il est très tentant de pousser toujours plus loin nos interfaces front-end. Mais beaucoup de nouvelles balises html et attribut css ne sont tout simplement pas compatibles avec tous les navigateurs. Heureusement, des librairies existent et offrent la possibilité de rendre au maximum ces outils compatibles avec un maximum de navigateurs. Je pense notamment à <a href="http://modernizr.com/" target="_blank">Modernizr</a> entre autres. D&rsquo;autres outils permettent aussi de savoir avec quelles versions de navigateurs sont compatibles certaines propriétés. Je vous renvois à l&rsquo;excellent <a href="http://caniuse.com/" target="_blank">caniuse</a>. Mais parfois, il peut aussi être judicieux de ne pas utiliser certaines propriétés offertes par ces langages. Ceci pourrait faire l&rsquo;objet d&rsquo;un débat, mais je pense que ce choix appartient à chacun, car finalement, quand on connaît les usagers finaux du site, on est normalement à même d&rsquo;avoir une idée des navigateurs utilisés. Et si ce n&rsquo;est pas le cas, il existe de très bons outils d’analyse, comme <a href="https://www.google.com/analytics/" target="_blank">Google Analytics</a> qui nous renseignent assez bien sur les comportement de nos visiteurs. Maintenant, je ne blâmerai pas ceux qui souaitent pousser l&rsquo;adoption de navigateurs modernes, mais je pense aussi qu&rsquo;il faut respecter ceux qui n&rsquo;ont pas cette possibilité. Chacun voit midi à sa porte comme on dit.</p>
<h2 class="western">Analyser, tester, optimiser&#8230; recommencer</h2>
<p>Alors certes, le but d&rsquo;un framework est de nous simplifier le travail, mais ça ne signifie pas qu&rsquo;il n&rsquo;y a pas de travail. Dans un projet par exemple, on a un ou plusieurs objectifs à atteindre. En fonction de ces besoins, on choisit les outils qu&rsquo;on pense pertinents. On fait le bilan des possibilités et des choses qu&rsquo;il va falloir nous même créer ou adapter pour coller aux autres pièces du puzzle. On déduit qu&rsquo;on va devoir développer soi-même ou adapter pour la version <a href="http://www.alsacreations.com/article/lire/1615-cest-quoi-le-responsive-web-design.html" target="_blank">Responsive</a> par exemple. On se lance, on teste, on corrige, on re-teste. Et une fois qu&rsquo;on a terminé on passe à la phase d&rsquo;optimisation ou « fine tuning ». C&rsquo;est par exemple à ce moment là qu&rsquo;on va se concentrer sur le poids des pages (ce qui implique qu&rsquo;on a déjà fait un travail d’optimisation de ses images, ou encore des librairies servies et de quelle manière on les sert) et éventuellement l&rsquo;optimisation côté serveur.</p>
<p><strong>Il n&rsquo;y a pas de magie : il faut savoir se poser les bonnes questions avant même d&rsquo;avoir couché la moindre ligne de code. C&rsquo;est indispensable, car ceci constitue les fondations de tout projet, et par là même sa viabilité.</strong></p>
<p>Il faut éviter aussi les amalgames : il ne pas confondre UI (user interface) et UX (user experience), car comme notre exemple nous le montre, on peut avoir un design du feu de dieu, pour une expérience utilisateur en carton pâte. Et l&rsquo;expérience nous prouve qu&rsquo;un utilisateur pour qui l&rsquo;interface n&rsquo;est pas adaptée, fera un gros <del>fuck</del> pied de nez à notre site. Donc un beau site n&rsquo;est pas à confondre avec un bon site.</p>
<p>De fait quand on parle de « web design », on fait souvent un amalgame entre ce qui relève du « beau » de ce qui relève de « l&rsquo;utilisable ». Pourtant ces deux éléments sont les deux revers d&rsquo;une même médaille : c&rsquo;est ce qui fait qu&rsquo;un web designer peut, à mon avis, mériter ce titre. On ne peut pas (ou très difficilement) considérer ces deux qualités individuellement, car l&rsquo;une sans l&rsquo;autre n&rsquo;a aucune légitimité, ni aucune possibilité de promouvoir un site de manière pérenne.</p>
<h2 class="western">Conclusion</h2>
<p>Je terminerai en disant qu&rsquo;être web designer c&rsquo;est penser à la fois en termes de design (UI) et d&rsquo;ergonomie (UX). C&rsquo;est être capable de se poser les bonnes questions avant, ce qui permet de faire les bons choix et d&rsquo;avoir le moins de mauvaise surprise après coup. Et comme je l&rsquo;ai dit, faire preuve d&rsquo;humilité envers la technologie, car ce n&rsquo;est pas magique, mais pratique (ou pas).</p>
<p>L’article <a rel="nofollow" href="/causes-echec-site/">Edito &#8211; La technologie n&rsquo;est pas une fin en soi</a> est apparu en premier sur <a rel="nofollow" href="/">DesireLabs</a>.</p>
]]></content:encoded>
			<wfw:commentRss>/causes-echec-site/feed/</wfw:commentRss>
		<slash:comments>0</slash:comments>
	<post-id xmlns="com-wordpress:feed-additions:1">359</post-id>	</item>
		<item>
		<title>Edito du 13 juin 2015</title>
		<link>/edito-du-13-juin-2015/</link>
		<comments>/edito-du-13-juin-2015/#respond</comments>
		<pubDate>Sat, 13 Jun 2015 08:14:37 +0000</pubDate>
		<dc:creator><![CDATA[Franck]]></dc:creator>
				<category><![CDATA[Editorial]]></category>

		<guid isPermaLink="false">/?p=344</guid>
		<description><![CDATA[<p>Cela fait un peu longtemps que je n&#8217;ai rien posté, et pour cause, les projets s&#8217;enchaînent. Tant mieux en même temps ! Cette période m&#8217;a aussi quelque peu laissé le temps de réfléchir plus avant à l&#8217;avenir de desirelabs.fr. Au commencement, ce site était avant tout un pense bête personnel accessible à toutes et tous, &#8230; <a href="/edito-du-13-juin-2015/" class="more-link">Continuer la lecture de <span class="screen-reader-text">Edito du 13 juin 2015</span></a></p>
<p>L’article <a rel="nofollow" href="/edito-du-13-juin-2015/">Edito du 13 juin 2015</a> est apparu en premier sur <a rel="nofollow" href="/">DesireLabs</a>.</p>
]]></description>
				<content:encoded><![CDATA[<p>Cela fait un peu longtemps que je n&rsquo;ai rien posté, et pour cause, les projets s&rsquo;enchaînent. Tant mieux en même temps ! Cette période m&rsquo;a aussi quelque peu laissé le temps de réfléchir plus avant à l&rsquo;avenir de desirelabs.fr.</p>
<p>Au commencement, ce site était avant tout un pense bête personnel accessible à toutes et tous, et qui recensait des solutions à des problèmes simples en développement. Ma « carrière » de développeur frontend ayant pas mal évoluée, j&rsquo;ai donc estimé normal que le site qui en reflète certaines de ses facettes, évolue également. Voici donc une liste non exhaustive (et non ordonnée) des nouveautés à venir <img src="https://s.w.org/images/core/emoji/2.4/72x72/1f642.png" alt="🙂" class="wp-smiley" style="height: 1em; max-height: 1em;" /></p>
<h3>Refonte du site</h3>
<p>Ça on pouvait le sentir venir ! Actuellement le site repose sur WordPress, et le thème utilisé est <a href="http://themefortress.com/reverie/" target="_blank">Reverie</a>, qui lui même repose sur le framework <a href="http://foundation.zurb.com/" target="_blank">Foundation de Zurb</a>.<br />
Je pense de plus en plus à me tourner vers Symfony2 que j&rsquo;ai appris à appréhender il y a déjà 2ans. En effet WordPress, c&rsquo;est fun, facile d&rsquo;accès, mais je me sens un peu limité en termes d&rsquo;expérimentations. De plus je souhaite développer mes compétences Symfony2. Je travaille déjà bien assez sous WP à l&rsquo;agence, ce qui contribuera inévitablement à me faire gagner en compétence de ce côté ci. WordPress, c&rsquo;est un chouette outil aux multiples possibilités et je n&rsquo;ai pas l&rsquo;intention d&rsquo;en rester là ! Ce qui m&#8217;emmène au deuxième point.</p>
<h3>La création de thème WordPress</h3>
<p>Ce que je regrette le plus dans mon travail aujourd&rsquo;hui est que je ne bosse qu&rsquo;avec des thèmes issus de <a href="http://themeforest.net/" target="_blank">ThemeForest</a> et consor. Je ne vous cache pas que c&rsquo;est assez frustrant à la longue. Il y aura donc dans un avenir proche (d&rsquo;ici fin 2015 pour ne rien vous cacher) quelques nouveautés de ce côté là. Je souhaite participer plus activement à la communauté d&rsquo;une part, mais je souhaiterais également offrir un service de thèmes gratuits et premiums. Je n&rsquo;en dis pas plus car pas mal de choses restent à peaufiner de ce côté là <img src="https://s.w.org/images/core/emoji/2.4/72x72/1f609.png" alt="😉" class="wp-smiley" style="height: 1em; max-height: 1em;" /></p>
<h3>Régularité des articles</h3>
<p>Ok, ça n&rsquo;a pas été mon fort jusque là, mais en même temps ce n&rsquo;était que pour le fun. Ce sera toujours pour le fun, je vais continuer de proposer des articles axés sur mon métier, mais je vais m&rsquo;astreindre à plus de rigueur et faire en sorte de proposer des articles de meilleure qualité et plus complets.</p>
<h3>Conclusion</h3>
<p>C&rsquo;est un petit virage que va prendre desirelabs. Il restera mon petit laboratoire d&rsquo;expérimentation et de partage de tips, mais le temps de la maturité est venue et je souhaite offrir plus de qualité et de complétude aux occasionnels lecteurs du site. Donc j&rsquo;invite celles et ceux qui le souhaitent à faire part de leurs remarques pour l&rsquo;évolution de tout ça si vous en avez, les commentaires restent ouverts (pas besoin d&rsquo;inscription) pour échanger <img src="https://s.w.org/images/core/emoji/2.4/72x72/1f609.png" alt="😉" class="wp-smiley" style="height: 1em; max-height: 1em;" /></p>
<p>L’article <a rel="nofollow" href="/edito-du-13-juin-2015/">Edito du 13 juin 2015</a> est apparu en premier sur <a rel="nofollow" href="/">DesireLabs</a>.</p>
]]></content:encoded>
			<wfw:commentRss>/edito-du-13-juin-2015/feed/</wfw:commentRss>
		<slash:comments>0</slash:comments>
	<post-id xmlns="com-wordpress:feed-additions:1">344</post-id>	</item>
	</channel>
</rss>
