<?xml version="1.0" encoding="UTF-8"?><rss version="2.0"
	xmlns:content="http://purl.org/rss/1.0/modules/content/"
	xmlns:wfw="http://wellformedweb.org/CommentAPI/"
	xmlns:dc="http://purl.org/dc/elements/1.1/"
	xmlns:atom="http://www.w3.org/2005/Atom"
	xmlns:sy="http://purl.org/rss/1.0/modules/syndication/"
	xmlns:slash="http://purl.org/rss/1.0/modules/slash/"
	>

<channel>
	<title>Lien &#8211; DesireLabs</title>
	<atom:link href="/type/link/feed/" rel="self" type="application/rss+xml" />
	<link>/</link>
	<description>Développement web, marketing digital, et référencement</description>
	<lastBuildDate>Tue, 06 Jun 2017 17:34:36 +0000</lastBuildDate>
	<language>fr-FR</language>
	<sy:updatePeriod>hourly</sy:updatePeriod>
	<sy:updateFrequency>1</sy:updateFrequency>
	<generator>https://wordpress.org/?v=4.9.4</generator>
<site xmlns="com-wordpress:feed-additions:1">67143140</site>	<item>
		<title>En attendant Noël, je vous offre un calendier de l&#8217;Avent 2.0</title>
		<link>/en-attendant-noel-je-vous-offre-un-calendier-de-lavent-2-0/</link>
		<comments>/en-attendant-noel-je-vous-offre-un-calendier-de-lavent-2-0/#respond</comments>
		<pubDate>Tue, 01 Dec 2015 21:43:34 +0000</pubDate>
		<dc:creator><![CDATA[Franck]]></dc:creator>
				<category><![CDATA[HTML/CSS]]></category>
		<category><![CDATA[jQuery]]></category>

		<guid isPermaLink="false">/?p=465</guid>
		<description><![CDATA[<p>Chaque année je me dis que je vais faire des cartes de vœux à envoyer à mes proches, mes amis, ma famille, connaissances, partenaires. Et bien sûr je ne le fais jamais. Cette année, j&#8217;offre donc à toutes et tous un calendrier de l&#8217;Avent interactif. Vous pourrez chaque jour accéder à une surprise supplémentaire 🙂 &#8230; <a href="/en-attendant-noel-je-vous-offre-un-calendier-de-lavent-2-0/" class="more-link">Continuer la lecture de <span class="screen-reader-text">En attendant Noël, je vous offre un calendier de l&#8217;Avent 2.0</span></a></p>
<p>L’article <a rel="nofollow" href="/en-attendant-noel-je-vous-offre-un-calendier-de-lavent-2-0/">En attendant Noël, je vous offre un calendier de l&rsquo;Avent 2.0</a> est apparu en premier sur <a rel="nofollow" href="/">DesireLabs</a>.</p>
]]></description>
				<content:encoded><![CDATA[<p>Chaque année je me dis que je vais faire des cartes de vœux à envoyer à mes proches, mes amis, ma famille, connaissances, partenaires. Et bien sûr je ne le fais jamais. Cette année, j&rsquo;offre donc à toutes et tous un calendrier de l&rsquo;Avent interactif. Vous pourrez chaque jour accéder à une surprise supplémentaire <img src="https://s.w.org/images/core/emoji/2.4/72x72/1f642.png" alt="🙂" class="wp-smiley" style="height: 1em; max-height: 1em;" /> Les cartes déjà découvertes resteront affichées tant que vous ne viderez pas votre cache navigateur.</p>
<p><a class="btn" href="/noel.html">Cliquez ici pour accéder au calendrier.</a></p>
<p>Joyeuses fêtes <img src="https://s.w.org/images/core/emoji/2.4/72x72/1f642.png" alt="🙂" class="wp-smiley" style="height: 1em; max-height: 1em;" /></p>
<p>L’article <a rel="nofollow" href="/en-attendant-noel-je-vous-offre-un-calendier-de-lavent-2-0/">En attendant Noël, je vous offre un calendier de l&rsquo;Avent 2.0</a> est apparu en premier sur <a rel="nofollow" href="/">DesireLabs</a>.</p>
]]></content:encoded>
			<wfw:commentRss>/en-attendant-noel-je-vous-offre-un-calendier-de-lavent-2-0/feed/</wfw:commentRss>
		<slash:comments>0</slash:comments>
	<post-id xmlns="com-wordpress:feed-additions:1">465</post-id>	</item>
		<item>
		<title>Pourquoi trouver un bon développeur frontend est si difficile ? [en]</title>
		<link>/pourquoi-trouver-un-bon-developpeur-frontend-est-si-difficile-en/</link>
		<comments>/pourquoi-trouver-un-bon-developpeur-frontend-est-si-difficile-en/#respond</comments>
		<pubDate>Sun, 29 Nov 2015 19:24:14 +0000</pubDate>
		<dc:creator><![CDATA[Franck]]></dc:creator>
				<category><![CDATA[Non classé]]></category>
		<category><![CDATA[frontend]]></category>

		<guid isPermaLink="false">/?p=460</guid>
		<description><![CDATA[<p>View story at Medium.com</p>
<p>L’article <a rel="nofollow" href="/pourquoi-trouver-un-bon-developpeur-frontend-est-si-difficile-en/">Pourquoi trouver un bon développeur frontend est si difficile ? [en]</a> est apparu en premier sur <a rel="nofollow" href="/">DesireLabs</a>.</p>
]]></description>
				<content:encoded><![CDATA[<p><script async src="https://static.medium.com/embed.js"></script><a class="m-story" href="https://medium.com/creative-business/why-is-it-so-hard-to-find-a-front-end-developer-cb92848a7c6f#.td67c1l2b" target="_blank" data-width="660" data-border="1" data-collapsed="">View story at Medium.com</a></p>
<p>L’article <a rel="nofollow" href="/pourquoi-trouver-un-bon-developpeur-frontend-est-si-difficile-en/">Pourquoi trouver un bon développeur frontend est si difficile ? [en]</a> est apparu en premier sur <a rel="nofollow" href="/">DesireLabs</a>.</p>
]]></content:encoded>
			<wfw:commentRss>/pourquoi-trouver-un-bon-developpeur-frontend-est-si-difficile-en/feed/</wfw:commentRss>
		<slash:comments>0</slash:comments>
	<post-id xmlns="com-wordpress:feed-additions:1">460</post-id>	</item>
	</channel>
</rss>
